run,claim_id,memory_id,repeat_count,A1_q_use,A1_q_drop,A1_utility,A1_sign,A2_q_use,A2_q_drop,A2_utility,A2_sign,A3_q_use,A3_q_drop,A3_utility,A3_sign,direct_sign_flip,any_sign_heterogeneity,utility_range
rq3_fever_qwen3b_87_r4_seed0,101771,fever-train-144628,4,1.0,1.0,0.0,neutral,1.0,1.0,0.0,neutral,1.0,1.0,0.0,neutral,False,False,0.0
rq3_fever_qwen3b_87_r4_seed0,103451,fever-train-40777,4,1.0,1.0,0.0,neutral,1.0,1.0,0.0,neutral,1.0,1.0,0.0,neutral,False,False,0.0
rq3_fever_qwen3b_87_r4_seed0,106926,fever-train-70516,4,0.5,1.0,-0.5,negative,0.5,0.75,-0.25,negative,0.5,0.5,0.0,neutral,False,True,0.5
rq3_fever_qwen3b_87_r4_seed0,113150,fever-train-61369,4,0.25,0.25,0.0,neutral,0.25,0.25,0.0,neutral,0.25,0.0,0.25,positive,False,True,0.25
rq3_fever_qwen3b_87_r4_seed0,114495,fever-train-116681,4,0.0,0.0,0.0,neutral,0.0,0.0,0.0,neutral,0.0,0.0,0.0,neutral,False,False,0.0
rq3_fever_qwen3b_87_r4_seed0,117416,fever-train-57705,4,1.0,1.0,0.0,neutral,1.0,1.0,0.0,neutral,1.0,1.0,0.0,neutral,False,False,0.0
rq3_fever_qwen3b_87_r4_seed0,119219,fever-train-12718,4,1.0,1.0,0.0,neutral,1.0,1.0,0.0,neutral,1.0,1.0,0.0,neutral,False,False,0.0
rq3_fever_qwen3b_87_r4_seed0,121709,fever-train-95231,4,0.75,0.75,0.0,neutral,0.75,0.75,0.0,neutral,0.75,0.75,0.0,neutral,False,False,0.0
rq3_fever_qwen3b_87_r4_seed0,122673,fever-train-152891,4,0.0,0.0,0.0,neutral,0.0,0.0,0.0,neutral,0.0,0.0,0.0,neutral,False,False,0.0
rq3_fever_qwen3b_87_r4_seed0,124339,fever-train-50783,4,1.0,1.0,0.0,neutral,1.0,1.0,0.0,neutral,1.0,1.0,0.0,neutral,False,False,0.0
rq3_fever_qwen3b_87_r4_seed0,126878,fever-train-106672,4,1.0,1.0,0.0,neutral,1.0,1.0,0.0,neutral,1.0,1.0,0.0,neutral,False,False,0.0
rq3_fever_qwen3b_87_r4_seed0,128229,fever-train-73837,4,0.0,0.0,0.0,neutral,0.0,0.0,0.0,neutral,0.0,0.0,0.0,neutral,False,False,0.0
rq3_fever_qwen3b_87_r4_seed0,129932,fever-train-168773,4,0.0,0.0,0.0,neutral,0.0,0.0,0.0,neutral,0.0,0.0,0.0,neutral,False,False,0.0
rq3_fever_qwen3b_87_r4_seed0,13079,fever-train-153403,4,1.0,1.0,0.0,neutral,1.0,0.75,0.25,positive,1.0,0.25,0.75,positive,False,True,0.75
rq3_fever_qwen3b_87_r4_seed0,136331,fever-train-160572,4,1.0,1.0,0.0,neutral,1.0,1.0,0.0,neutral,1.0,1.0,0.0,neutral,False,False,0.0
rq3_fever_qwen3b_87_r4_seed0,137334,fever-train-142574,4,0.0,0.0,0.0,neutral,0.0,0.0,0.0,neutral,0.0,0.0,0.0,neutral,False,False,0.0
rq3_fever_qwen3b_87_r4_seed0,141072,fever-train-51422,4,1.0,1.0,0.0,neutral,1.0,1.0,0.0,neutral,1.0,1.0,0.0,neutral,False,False,0.0
rq3_fever_qwen3b_87_r4_seed0,146669,fever-train-221841,4,1.0,1.0,0.0,neutral,1.0,0.75,0.25,positive,1.0,1.0,0.0,neutral,False,True,0.25
rq3_fever_qwen3b_87_r4_seed0,148534,fever-train-179722,4,1.0,1.0,0.0,neutral,1.0,1.0,0.0,neutral,1.0,1.0,0.0,neutral,False,False,0.0
rq3_fever_qwen3b_87_r4_seed0,150834,fever-train-48138,4,1.0,1.0,0.0,neutral,1.0,0.75,0.25,positive,1.0,0.75,0.25,positive,False,True,0.25
rq3_fever_qwen3b_87_r4_seed0,1544,fever-train-102049,4,0.5,0.25,0.25,positive,0.5,0.0,0.5,positive,0.5,0.25,0.25,positive,False,False,0.25
rq3_fever_qwen3b_87_r4_seed0,162885,fever-train-77905,4,0.0,0.0,0.0,neutral,0.0,0.0,0.0,neutral,0.0,0.0,0.0,neutral,False,False,0.0
rq3_fever_qwen3b_87_r4_seed0,165663,fever-train-198473,4,0.0,0.0,0.0,neutral,0.0,0.0,0.0,neutral,0.0,0.0,0.0,neutral,False,False,0.0
rq3_fever_qwen3b_87_r4_seed0,166651,fever-train-53142,4,1.0,1.0,0.0,neutral,1.0,1.0,0.0,neutral,1.0,1.0,0.0,neutral,False,False,0.0
rq3_fever_qwen3b_87_r4_seed0,168530,fever-train-163288,4,0.5,0.75,-0.25,negative,0.5,0.75,-0.25,negative,0.5,1.0,-0.5,negative,False,False,0.25
rq3_fever_qwen3b_87_r4_seed0,173138,fever-train-226903,4,1.0,1.0,0.0,neutral,1.0,1.0,0.0,neutral,1.0,1.0,0.0,neutral,False,False,0.0
rq3_fever_qwen3b_87_r4_seed0,173719,fever-train-198119,4,1.0,1.0,0.0,neutral,1.0,1.0,0.0,neutral,1.0,1.0,0.0,neutral,False,False,0.0
rq3_fever_qwen3b_87_r4_seed0,174580,fever-train-212599,4,1.0,0.75,0.25,positive,1.0,1.0,0.0,neutral,1.0,0.75,0.25,positive,False,True,0.25
rq3_fever_qwen3b_87_r4_seed0,178168,fever-train-216051,4,1.0,1.0,0.0,neutral,1.0,1.0,0.0,neutral,1.0,1.0,0.0,neutral,False,False,0.0
rq3_fever_qwen3b_87_r4_seed0,181205,fever-train-182570,4,1.0,0.75,0.25,positive,1.0,0.75,0.25,positive,1.0,0.75,0.25,positive,False,False,0.0
rq3_fever_qwen3b_87_r4_seed0,181624,fever-train-120255,4,1.0,1.0,0.0,neutral,1.0,1.0,0.0,neutral,1.0,1.0,0.0,neutral,False,False,0.0
rq3_fever_qwen3b_87_r4_seed0,181871,fever-train-114353,4,0.0,0.0,0.0,neutral,0.0,0.0,0.0,neutral,0.0,0.0,0.0,neutral,False,False,0.0
rq3_fever_qwen3b_87_r4_seed0,183619,fever-train-148145,4,0.0,0.25,-0.25,negative,0.0,0.5,-0.5,negative,0.0,0.5,-0.5,negative,False,False,0.25
rq3_fever_qwen3b_87_r4_seed0,185228,fever-train-81387,4,0.25,0.25,0.0,neutral,0.25,0.25,0.0,neutral,0.25,0.5,-0.25,negative,False,True,0.25
rq3_fever_qwen3b_87_r4_seed0,186590,fever-train-226081,4,0.0,0.0,0.0,neutral,0.0,0.25,-0.25,negative,0.0,0.0,0.0,neutral,False,True,0.25
rq3_fever_qwen3b_87_r4_seed0,186876,fever-train-49625,4,0.5,0.75,-0.25,negative,0.5,0.25,0.25,positive,0.5,0.25,0.25,positive,True,True,0.5
rq3_fever_qwen3b_87_r4_seed0,189436,fever-train-140521,4,0.0,0.0,0.0,neutral,0.0,0.0,0.0,neutral,0.0,0.0,0.0,neutral,False,False,0.0
rq3_fever_qwen3b_87_r4_seed0,195020,fever-train-200504,4,1.0,1.0,0.0,neutral,1.0,1.0,0.0,neutral,1.0,1.0,0.0,neutral,False,False,0.0
rq3_fever_qwen3b_87_r4_seed0,195031,fever-train-158862,4,0.0,0.0,0.0,neutral,0.0,0.0,0.0,neutral,0.0,0.0,0.0,neutral,False,False,0.0
rq3_fever_qwen3b_87_r4_seed0,195038,fever-train-219631,4,1.0,1.0,0.0,neutral,1.0,1.0,0.0,neutral,1.0,1.0,0.0,neutral,False,False,0.0
rq3_fever_qwen3b_87_r4_seed0,199413,fever-train-198119,4,1.0,1.0,0.0,neutral,1.0,1.0,0.0,neutral,1.0,1.0,0.0,neutral,False,False,0.0
rq3_fever_qwen3b_87_r4_seed0,199750,fever-train-169465,4,0.0,0.0,0.0,neutral,0.0,0.0,0.0,neutral,0.0,0.0,0.0,neutral,False,False,0.0
rq3_fever_qwen3b_87_r4_seed0,200387,fever-train-97793,4,0.0,0.0,0.0,neutral,0.0,0.0,0.0,neutral,0.0,0.0,0.0,neutral,False,False,0.0
rq3_fever_qwen3b_87_r4_seed0,203008,fever-train-198104,4,0.75,0.75,0.0,neutral,0.75,0.75,0.0,neutral,0.75,0.25,0.5,positive,False,True,0.5
rq3_fever_qwen3b_87_r4_seed0,203701,fever-train-131517,4,1.0,1.0,0.0,neutral,1.0,1.0,0.0,neutral,1.0,1.0,0.0,neutral,False,False,0.0
rq3_fever_qwen3b_87_r4_seed0,204341,fever-train-30197,4,1.0,1.0,0.0,neutral,1.0,1.0,0.0,neutral,1.0,1.0,0.0,neutral,False,False,0.0
rq3_fever_qwen3b_87_r4_seed0,204342,fever-train-30197,4,0.0,0.0,0.0,neutral,0.0,0.0,0.0,neutral,0.0,0.0,0.0,neutral,False,False,0.0
rq3_fever_qwen3b_87_r4_seed0,206174,fever-train-47853,4,1.0,1.0,0.0,neutral,1.0,1.0,0.0,neutral,1.0,1.0,0.0,neutral,False,False,0.0
rq3_fever_qwen3b_87_r4_seed0,206737,fever-train-65342,4,1.0,1.0,0.0,neutral,1.0,1.0,0.0,neutral,1.0,1.0,0.0,neutral,False,False,0.0
rq3_fever_qwen3b_87_r4_seed0,207252,fever-train-118265,4,0.0,0.0,0.0,neutral,0.0,0.0,0.0,neutral,0.0,0.0,0.0,neutral,False,False,0.0
rq3_fever_qwen3b_87_r4_seed0,208150,fever-train-217428,4,1.0,1.0,0.0,neutral,1.0,0.75,0.25,positive,1.0,0.75,0.25,positive,False,True,0.25
rq3_fever_qwen3b_87_r4_seed0,209872,fever-train-190903,4,0.25,1.0,-0.75,negative,0.25,0.5,-0.25,negative,0.25,0.75,-0.5,negative,False,False,0.5
rq3_fever_qwen3b_87_r4_seed0,21145,fever-train-5847,4,0.0,0.0,0.0,neutral,0.0,0.0,0.0,neutral,0.0,0.0,0.0,neutral,False,False,0.0
rq3_fever_qwen3b_87_r4_seed0,212321,fever-train-2765,4,1.0,1.0,0.0,neutral,1.0,1.0,0.0,neutral,1.0,1.0,0.0,neutral,False,False,0.0
rq3_fever_qwen3b_87_r4_seed0,221085,fever-train-20978,4,0.0,0.0,0.0,neutral,0.0,0.0,0.0,neutral,0.0,0.0,0.0,neutral,False,False,0.0
rq3_fever_qwen3b_87_r4_seed0,226871,fever-train-32403,4,1.0,1.0,0.0,neutral,1.0,1.0,0.0,neutral,1.0,1.0,0.0,neutral,False,False,0.0
rq3_fever_qwen3b_87_r4_seed0,227135,fever-train-47032,4,0.75,1.0,-0.25,negative,0.75,1.0,-0.25,negative,0.75,1.0,-0.25,negative,False,False,0.0
rq3_fever_qwen3b_87_r4_seed0,229319,fever-train-199128,4,0.0,0.0,0.0,neutral,0.0,0.0,0.0,neutral,0.0,0.0,0.0,neutral,False,False,0.0
rq3_fever_qwen3b_87_r4_seed0,23885,fever-train-209237,4,0.0,0.0,0.0,neutral,0.0,0.0,0.0,neutral,0.0,0.0,0.0,neutral,False,False,0.0
rq3_fever_qwen3b_87_r4_seed0,24767,fever-train-48646,4,0.75,0.75,0.0,neutral,0.75,0.5,0.25,positive,0.75,0.5,0.25,positive,False,True,0.25
rq3_fever_qwen3b_87_r4_seed0,26132,fever-train-62870,4,0.75,1.0,-0.25,negative,0.75,0.75,0.0,neutral,0.75,1.0,-0.25,negative,False,True,0.25
rq3_fever_qwen3b_87_r4_seed0,26300,fever-train-168557,4,0.0,0.0,0.0,neutral,0.0,0.0,0.0,neutral,0.0,0.0,0.0,neutral,False,False,0.0
rq3_fever_qwen3b_87_r4_seed0,28864,fever-train-76264,4,0.75,0.5,0.25,positive,0.75,0.75,0.0,neutral,0.75,1.0,-0.25,negative,True,True,0.5
rq3_fever_qwen3b_87_r4_seed0,32820,fever-train-136052,4,1.0,1.0,0.0,neutral,1.0,1.0,0.0,neutral,1.0,1.0,0.0,neutral,False,False,0.0
rq3_fever_qwen3b_87_r4_seed0,34774,fever-train-43441,4,0.0,0.0,0.0,neutral,0.0,0.0,0.0,neutral,0.0,0.0,0.0,neutral,False,False,0.0
rq3_fever_qwen3b_87_r4_seed0,39897,fever-train-217401,4,0.75,1.0,-0.25,negative,0.75,0.75,0.0,neutral,0.75,1.0,-0.25,negative,False,True,0.25
rq3_fever_qwen3b_87_r4_seed0,42165,fever-train-67972,4,1.0,1.0,0.0,neutral,1.0,1.0,0.0,neutral,1.0,1.0,0.0,neutral,False,False,0.0
rq3_fever_qwen3b_87_r4_seed0,4529,fever-train-112175,4,0.25,0.0,0.25,positive,0.25,0.0,0.25,positive,0.25,0.25,0.0,neutral,False,True,0.25
rq3_fever_qwen3b_87_r4_seed0,50121,fever-train-96896,4,0.0,0.0,0.0,neutral,0.0,0.0,0.0,neutral,0.0,0.0,0.0,neutral,False,False,0.0
rq3_fever_qwen3b_87_r4_seed0,5454,fever-train-154510,4,1.0,1.0,0.0,neutral,1.0,1.0,0.0,neutral,1.0,1.0,0.0,neutral,False,False,0.0
rq3_fever_qwen3b_87_r4_seed0,55976,fever-train-220539,4,1.0,1.0,0.0,neutral,1.0,1.0,0.0,neutral,1.0,1.0,0.0,neutral,False,False,0.0
rq3_fever_qwen3b_87_r4_seed0,56323,fever-train-220086,4,0.0,0.0,0.0,neutral,0.0,0.0,0.0,neutral,0.0,0.0,0.0,neutral,False,False,0.0
rq3_fever_qwen3b_87_r4_seed0,56361,fever-train-182122,4,0.75,0.75,0.0,neutral,0.75,0.5,0.25,positive,0.75,1.0,-0.25,negative,True,True,0.5
rq3_fever_qwen3b_87_r4_seed0,64440,fever-train-201140,4,1.0,1.0,0.0,neutral,1.0,1.0,0.0,neutral,1.0,0.75,0.25,positive,False,True,0.25
rq3_fever_qwen3b_87_r4_seed0,68502,fever-train-223115,4,0.0,0.0,0.0,neutral,0.0,0.0,0.0,neutral,0.0,0.0,0.0,neutral,False,False,0.0
rq3_fever_qwen3b_87_r4_seed0,69612,fever-train-136312,4,1.0,1.0,0.0,neutral,1.0,1.0,0.0,neutral,1.0,0.75,0.25,positive,False,True,0.25
rq3_fever_qwen3b_87_r4_seed0,81499,fever-train-186229,4,0.75,0.75,0.0,neutral,0.75,1.0,-0.25,negative,0.75,0.75,0.0,neutral,False,True,0.25
rq3_fever_qwen3b_87_r4_seed0,83197,fever-train-211510,4,0.75,1.0,-0.25,negative,0.75,1.0,-0.25,negative,0.75,1.0,-0.25,negative,False,False,0.0
rq3_fever_qwen3b_87_r4_seed0,86116,fever-train-64806,4,0.75,1.0,-0.25,negative,0.75,0.75,0.0,neutral,0.75,0.5,0.25,positive,True,True,0.5
rq3_fever_qwen3b_87_r4_seed0,89544,fever-train-209237,4,1.0,1.0,0.0,neutral,1.0,0.75,0.25,positive,1.0,1.0,0.0,neutral,False,True,0.25
rq3_fever_qwen3b_87_r4_seed0,90589,fever-train-22175,4,1.0,1.0,0.0,neutral,1.0,1.0,0.0,neutral,1.0,1.0,0.0,neutral,False,False,0.0
rq3_fever_qwen3b_87_r4_seed0,91414,fever-train-161654,4,0.75,0.75,0.0,neutral,0.75,1.0,-0.25,negative,0.75,1.0,-0.25,negative,False,True,0.25
rq3_fever_qwen3b_87_r4_seed0,97017,fever-train-33397,4,0.0,0.0,0.0,neutral,0.0,0.0,0.0,neutral,0.0,0.0,0.0,neutral,False,False,0.0
rq3_fever_qwen3b_87_r4_seed0,9735,fever-train-214861,4,0.0,0.0,0.0,neutral,0.0,0.0,0.0,neutral,0.0,0.0,0.0,neutral,False,False,0.0
rq3_fever_qwen3b_87_r4_seed0,99800,fever-train-64033,4,0.0,0.0,0.0,neutral,0.0,0.0,0.0,neutral,0.0,0.0,0.0,neutral,False,False,0.0
